Appear,Episode,Quest,Stage,Difficulty,Type,캐릭터
현재,월령,1,1,1,1,지방 포졸
현재,월령,1,1,1,2,지방 포졸
현재,월령,1,1,1,3,지방 포졸
현재,월령,1,1,2,1,지방 포졸
현재,월령,1,1,2,2,지방 포졸
현재,월령,1,1,2,3,지방 포졸
현재,월령,1,1,3,1,지방 포졸
현재,월령,1,1,3,2,지방 포졸
현재,월령,1,1,3,3,지방 포졸
현재,월령,1,2,1,1,날뛰는 영혼
현재,월령,1,2,1,1,날뛰는 영혼
현재,월령,1,2,2,1,날뛰는 영혼
현재,월령,1,2,2,1,날뛰는 영혼
현재,월령,1,2,3,1,날뛰는 영혼
현재,월령,1,2,3,1,날뛰는 영혼
현재,월령,1,3,1,1,폭주하는 영술사
현재,월령,1,3,2,1,폭주하는 영술사
현재,월령,1,3,3,1,폭주하는 영술사
현재,월령,2,1,1,5,미지의 존재 (1)
현재,월령,2,1,1,5,미지의 존재 (2)
현재,월령,2,1,1,5,미지의 존재 (3)
현재,월령,2,1,2,5,미지의 존재 (1)
현재,월령,2,1,2,5,미지의 존재 (2)
현재,월령,2,1,2,5,미지의 존재 (3)
현재,월령,2,1,3,5,미지의 존재 (1)
현재,월령,2,1,3,5,미지의 존재 (2)
현재,월령,2,1,3,5,미지의 존재 (3)
현재,월령,2,2,1,1,영혼에 사로잡힌 영술사
현재,월령,2,2,2,1,영혼에 사로잡힌 영술사
현재,월령,2,2,3,1,영혼에 사로잡힌 영술사
현재,월령,2,3,1,5,미지의 공포
현재,월령,2,3,2,5,미지의 공포
현재,월령,2,3,3,5,미지의 공포
현재,월령,3,1,1,1,떠돌이 용병 (1)
현재,월령,3,1,1,1,떠돌이 용병 (2)
현재,월령,3,1,2,1,떠돌이 용병 (1)
현재,월령,3,1,2,1,떠돌이 용병 (2)
현재,월령,3,1,3,1,떠돌이 용병 (1)
현재,월령,3,1,3,1,떠돌이 용병 (2)
현재,월령,3,2,1,1,떠돌이 용병 (3)
현재,월령,3,2,2,1,떠돌이 용병 (3)
현재,월령,3,2,3,1,떠돌이 용병 (3)
현재,월령,3,3,1,3,떠돌이 용병 (4)
현재,월령,3,3,1,3,떠돌이 용병 (4)
현재,월령,3,3,1,3,떠돌이 용병 (4)
현재,월령,3,3,2,3,떠돌이 용병 (4)
현재,월령,3,3,2,3,떠돌이 용병 (4)
현재,월령,3,3,2,3,떠돌이 용병 (4)
현재,월령,3,3,3,3,떠돌이 용병 (4)
현재,월령,3,3,3,3,떠돌이 용병 (4)
현재,월령,3,3,3,3,떠돌이 용병 (4)
현재,월령,3,4,1,1,지방 영주
현재,월령,3,4,1,3,떠돌이 용병 (5)
현재,월령,3,4,1,3,떠돌이 용병 (5)
현재,월령,3,4,2,1,지방 영주
현재,월령,3,4,2,3,떠돌이 용병 (5)
현재,월령,3,4,2,3,떠돌이 용병 (5)
현재,월령,3,4,3,1,지방 영주
현재,월령,3,4,3,3,떠돌이 용병 (5)
현재,월령,3,4,3,3,떠돌이 용병 (5)
현재,엠피레오,1,1,1,3,공격형 로봇 (1)
현재,엠피레오,1,1,1,3,공격형 로봇 (1)
현재,엠피레오,1,1,2,3,공격형 로봇 (1)
현재,엠피레오,1,1,2,3,공격형 로봇 (1)
현재,엠피레오,1,1,3,3,공격형 로봇 (1)
현재,엠피레오,1,1,3,3,공격형 로봇 (1)
현재,엠피레오,1,2,1,3,방어형 로봇
현재,엠피레오,1,2,2,3,방어형 로봇
현재,엠피레오,1,2,3,3,방어형 로봇
현재,엠피레오,1,3,1,3,공격형 로봇 (1)
현재,엠피레오,1,3,1,3,방어형 로봇
현재,엠피레오,1,3,1,3,회복형 로봇
현재,엠피레오,1,3,2,3,공격형 로봇 (1)
현재,엠피레오,1,3,2,3,방어형 로봇
현재,엠피레오,1,3,2,3,회복형 로봇
현재,엠피레오,1,3,3,3,공격형 로봇 (1)
현재,엠피레오,1,3,3,3,방어형 로봇
현재,엠피레오,1,3,3,3,회복형 로봇
현재,엠피레오,2,1,3,3,폭주하는 로봇 (1)
현재,엠피레오,2,1,3,3,폭주하는 로봇 (1)
현재,엠피레오,2,1,3,3,폭주하는 로봇 (1)
현재,엠피레오,2,1,3,3,폭주하는 로봇 (1)
현재,엠피레오,2,1,3,3,폭주하는 로봇 (1)
현재,엠피레오,2,1,3,3,폭주하는 로봇 (1)
현재,엠피레오,2,1,3,3,폭주하는 로봇 (1)
현재,엠피레오,2,1,3,3,폭주하는 로봇 (1)
현재,엠피레오,2,1,3,3,폭주하는 로봇 (1)
현재,엠피레오,2,1,3,3,폭주하는 로봇 (1)
현재,엠피레오,2,1,3,3,폭주하는 로봇 (1)
현재,엠피레오,2,1,3,3,폭주하는 로봇 (1)
현재,엠피레오,2,2,3,3,행동 대장 로봇 (1)
현재,엠피레오,2,2,3,3,행동 대장 로봇 (1)
현재,엠피레오,2,2,3,3,행동 대장 로봇 (1)
현재,엠피레오,3,1,1,2,공격형 로봇 (2)
현재,엠피레오,3,1,1,2,공격형 로봇 (2)
현재,엠피레오,3,1,1,2,공격형 로봇 (2)
현재,엠피레오,3,1,2,2,공격형 로봇 (2)
현재,엠피레오,3,1,2,2,공격형 로봇 (2)
현재,엠피레오,3,1,2,2,공격형 로봇 (2)
현재,엠피레오,3,1,3,2,공격형 로봇 (2)
현재,엠피레오,3,1,3,2,공격형 로봇 (2)
현재,엠피레오,3,1,3,2,공격형 로봇 (2)
현재,엠피레오,3,2,1,3,완성형 로봇 (1)
현재,엠피레오,3,2,1,3,완성형 로봇 (2)
현재,엠피레오,3,2,2,3,완성형 로봇 (1)
현재,엠피레오,3,2,2,3,완성형 로봇 (2)
현재,엠피레오,3,2,3,3,완성형 로봇 (1)
현재,엠피레오,3,2,3,3,완성형 로봇 (2)
현재,엠피레오,3,3,1,2,폭주하는 로봇 (2)
현재,엠피레오,3,3,1,2,폭주하는 로봇 (2)
현재,엠피레오,3,3,1,3,행동 대장 로봇 (2)
현재,엠피레오,3,3,2,2,폭주하는 로봇 (2)
현재,엠피레오,3,3,2,2,폭주하는 로봇 (2)
현재,엠피레오,3,3,2,3,행동 대장 로봇 (2)
현재,엠피레오,3,3,3,2,폭주하는 로봇 (2)
현재,엠피레오,3,3,3,2,폭주하는 로봇 (2)
현재,엠피레오,3,3,3,3,행동 대장 로봇 (2)
현재,제한구역,1,1,1,2,여우 늑대
현재,제한구역,1,1,1,2,여우 늑대
현재,제한구역,1,1,2,2,여우 늑대
현재,제한구역,1,1,2,2,여우 늑대
현재,제한구역,1,1,3,2,여우 늑대
현재,제한구역,1,1,3,2,여우 늑대
현재,제한구역,1,2,1,3,해바라기 사자
현재,제한구역,1,2,2,3,해바라기 사자
현재,제한구역,1,2,3,3,해바라기 사자
현재,제한구역,1,3,1,2,여우 늑대
현재,제한구역,1,3,1,2,여우 늑대
현재,제한구역,1,3,1,3,해바라기 사자
현재,제한구역,1,3,2,2,여우 늑대
현재,제한구역,1,3,2,2,여우 늑대
현재,제한구역,1,3,2,3,해바라기 사자
현재,제한구역,1,3,3,2,여우 늑대
현재,제한구역,1,3,3,2,여우 늑대
현재,제한구역,1,3,3,3,해바라기 사자
현재,제한구역,2,1,1,2,다리 달린 고등어 (1)
현재,제한구역,2,1,1,2,다리 달린 고등어 (1)
현재,제한구역,2,1,1,2,다리 달린 고등어 (1)
현재,제한구역,2,1,2,2,다리 달린 고등어 (1)
현재,제한구역,2,1,2,2,다리 달린 고등어 (1)
현재,제한구역,2,1,2,2,다리 달린 고등어 (1)
현재,제한구역,2,1,3,2,다리 달린 고등어 (1)
현재,제한구역,2,1,3,2,다리 달린 고등어 (1)
현재,제한구역,2,1,3,2,다리 달린 고등어 (1)
현재,제한구역,2,2,1,2,랩터 (1)
현재,제한구역,2,2,1,2,랩터 (1)
현재,제한구역,2,2,2,2,랩터 (1)
현재,제한구역,2,2,2,2,랩터 (1)
현재,제한구역,2,2,3,2,랩터 (1)
현재,제한구역,2,2,3,2,랩터 (1)
현재,제한구역,2,3,1,2,다리 달린 고등어 (2)
현재,제한구역,2,3,1,2,랩터 (2)
현재,제한구역,2,3,1,2,랩터 (2)
현재,제한구역,2,3,2,2,다리 달린 고등어 (2)
현재,제한구역,2,3,2,2,랩터 (2)
현재,제한구역,2,3,2,2,랩터 (2)
현재,제한구역,2,3,3,2,다리 달린 고등어 (2)
현재,제한구역,2,3,3,2,랩터 (2)
현재,제한구역,2,3,3,2,랩터 (2)
현재,제한구역,3,1,1,3,크리스투멈
현재,제한구역,3,1,1,2,해바라기 사자
현재,제한구역,3,1,1,3,크리스투멈
현재,제한구역,3,1,1,2,해바라기 사자
현재,제한구역,3,1,1,3,크리스투멈
현재,제한구역,3,1,1,2,해바라기 사자
현재,제한구역,3,1,2,3,크리스투멈
현재,제한구역,3,1,2,2,해바라기 사자
현재,제한구역,3,1,2,3,크리스투멈
현재,제한구역,3,1,2,2,해바라기 사자
현재,제한구역,3,1,2,3,크리스투멈
현재,제한구역,3,1,2,2,해바라기 사자
현재,제한구역,3,1,3,3,크리스투멈
현재,제한구역,3,1,3,2,해바라기 사자
현재,제한구역,3,1,3,3,크리스투멈
현재,제한구역,3,1,3,2,해바라기 사자
현재,제한구역,3,1,3,3,크리스투멈
현재,제한구역,3,1,3,2,해바라기 사자
현재,제한구역,3,2,1,3,크리스투멈
현재,제한구역,3,2,1,2,여우 늑대
현재,제한구역,3,2,1,2,해바라기 사자
현재,제한구역,3,2,2,3,크리스투멈
현재,제한구역,3,2,2,2,여우 늑대
현재,제한구역,3,2,2,2,해바라기 사자
현재,제한구역,3,2,3,3,크리스투멈
현재,제한구역,3,2,3,2,여우 늑대
현재,제한구역,3,2,3,2,해바라기 사자
현재,제한구역,3,3,1,3,크리스투멈
현재,제한구역,3,3,1,2,랩터
현재,제한구역,3,3,2,3,크리스투멈
현재,제한구역,3,3,2,2,랩터
현재,제한구역,3,3,3,3,크리스투멈
현재,제한구역,3,3,3,2,랩터
현재,제한구역,3,4,1,3,크리스투멈
현재,제한구역,3,4,1,2,베헤모스
현재,제한구역,3,4,2,3,크리스투멈
현재,제한구역,3,4,2,2,베헤모스
현재,제한구역,3,4,3,3,크리스투멈
현재,제한구역,3,4,3,2,베헤모스